"tier","segment","target","contact","contact_path","source_url","why_pitch","angle","status","next_action"
"1","Trade media","AQUA Magazine","editors@aquamagazine.com","Editorial contact page","https://www.aquamagazine.com/page/contact-us","Covers retail, service, builder, products, news, and homeowner/DIY pool topics.","Short news item: free no-account field-reference app for pool service season.","Ready to pitch","Send editorial/news pitch with 2-line product proof and app link."
"1","Trade media","PoolPro Magazine","info@kendrickcontent.com","Contact page","https://poolpromag.com/contact/","Pool professional audience with service and repair relevance.","Practical tool note for service techs and counter staff.","Ready to pitch","Send editorial/newsletter pitch; ask if useful for PoolPro readers."
"1","Trade media","Service Industry News","info@serviceindustrynews.net; marcelle dibrell via listed editor contact","Contact page","https://www.serviceindustrynews.net/contact-us/","Service-side trade publication and strong fit for tech-facing reference tools.","Field note: reducing repeat lookup friction during diagnostics.","Ready to pitch","Send editorial/news pitch; avoid claiming measured tech adoption."
"1","Trade media","Pool Magazine","editor@poolmagazine.com","Contact page","https://www.poolmagazine.com/contact-us/","Broad pool industry publication with product/news coverage.","Free AI-assisted pool equipment code lookup app.","Ready to pitch","Send concise product/news pitch with disclosure language."
"1","Trade media","Pool & Spa Marketing","editor@poolspamarketing.com","Kenilworth media listing and contact page","https://kenilworth.com/pool-spa-marketing/","Canadian pool/spa trade audience and product/news fit.","Free reference app for techs, retailers, and service desks.","Verify before send","Confirm current editor/contact page, then send news pitch."
"1","Podcast/creator","Pool Chasers","poolchasers.greg@gmail.com","Contact page","https://www.poolchasers.com/contact","Podcast audience of pool builders, service operators, and product leaders.","Segment idea: tools techs actually use before the escalation call.","Ready to pitch","Send podcast pitch with sample segment bullets."
"1","Podcast/creator","Talking Pools Podcast / CPO Class","rudy@cpoclass.com; site sponsorship form","CPO Class podcast/media kit","https://cpoclass.com/swimming-pool-podcast/","Pool pro podcast with service training and industry conversations.","Segment or newsletter item on error-code triage without overtrusting AI.","Verify before send","Confirm contact, then send podcast pitch."
"1","Podcast/creator","Pool Nation","support@poolnation.com","Pool Nation site/contact/social path","https://poolnation.com/","Community/podcast/conference audience for service pros and training.","Free tool to test on real heater/code calls and counter questions.","Ready to pitch","Send community/newsletter pitch; offer founder demo."
"1","Podcast/creator","Pool Guy Podcast / David Van Brunt","David@swimmingpoollearning.com","Swimming Pool Learning contact","https://www.swimmingpoollearning.com/","Large service-focused education channel and podcast with affiliate disclosure norms.","Testable free tool for tech audience; invite critical feedback.","Ready to pitch","Send creator pitch and ask for honest use-case feedback."
"1","Podcast/creator","Swim University","matt@swimuniversity.com","Contact page","https://www.swimuniversity.com/pool-podcast/","Consumer education brand; useful bridge to homeowner DIY troubleshooting.","Homeowner-safe framing: reference aid, not repair diagnosis.","Ready to pitch","Send softer consumer/DIY pitch with disclaimer emphasis."
"1","Creator/tech educator","Swimming Pool Steve","SwimmingPoolSteve@gmail.com","YouTube/contact page","https://www.swimmingpoolsteve.com/pages/youtube.html","Trusted technical voice with large pool education audience.","Invite technical teardown of the app's error-code and part lookup workflow.","Ready to pitch","Send creator pitch; ask for candid product feedback before any coverage."
"1","Pool blogger/content","Poolonomics","content@poolonomics.com; info@poolonomics.com; press@poolonomics.com","Contact page","https://poolonomics.com/contact/","Educational pool and hot tub care site with media/content contact paths.","Resource/link suggestion for equipment error-code and part lookup guides.","Ready to pitch","Send blogger/resource pitch with no affiliate ask in first email."
"1","Pool blogger/content","Orenda Technologies Blog","info@orendatech.com","Blog contact footer","https://blog.orendatech.com/","Technical pool education audience; especially strong for pro-level water/field education.","Ask for technical/product feedback or resource mention where equipment lookup is relevant.","Ready to pitch","Send narrow educational pitch; avoid chemistry claims."
"2","Pool blogger/content","In The Swim Blog","contact form / support phone","Blog and support contact path","https://intheswim.com/blog/","DIY pool owner blog and retailer content channel.","Reference tool for readers troubleshooting equipment codes before calling a pro.","Ready to route","Use contact form; avoid affiliate or partnership language."
"2","Pool blogger/content","River Pools Blog","contact path / public phone","Blog page","https://www.riverpoolsandspas.com/blog","Large educational pool blog; strong content marketing and homeowner research audience.","Homeowner-safe reference tool mention for equipment-code confusion.","Research queue","Find current editorial/content contact before sending."
"1","Association/newsletter","IPSSA / IPSSAN","info@ipssa.com","Staff/contact page","https://ipssa.com/Web/Web/AboutUs/Staff.aspx","Independent pool service professionals; newsletter/editor contacts visible.","Member resource: free no-login reference app for field calls.","Ready to pitch","Send association newsletter pitch; mention no account/card."
"2","Trade media","Pool & Spa News","contact form / listed editorial/product release contacts","Contact page","https://www.poolspanews.com/contact-us/","National pool/spa business publication with product and news release intake.","Product-release angle, conservative and factual.","Verify before send","Use contact form or current editorial address; verify any named editor before sending."
"2","Association","United Pool Association","info@unitedpoolassociation.org","Contact page","https://unitedpoolassociation.org/contact-us/","Pool service association with chapter/member audience.","Free field-reference tool for members and chapter newsletters.","Ready to pitch","Send association pitch; ask if chapter leaders want a demo."
"2","Association","PHTA","service@phta.org or contact form","PHTA contact path","https://www.phta.org/","Industry association with broad service, builder, retail, and standards audience.","Educational tool announcement, not standards/official endorsement.","Verify before send","Confirm current media/contact route and send association pitch."
"2","Distributor/channel","Leslie's Pro / Commercial","commercial@lesl.com","Commercial services page","https://lesliespool.com/commercial-services.html","High-volume pro counter and commercial customer base.","Counter-friendly free lookup tool; no fake partnership claim.","Ready to pitch","Send distributor/counter pitch; explicitly say no affiliation implied."
"2","Distributor/channel","POOLCORP / SCP / Superior / Horizon","corporate contact and SCP contact form","Contact information page","https://www.poolcorp.com/contact-us/contact-information/","Largest pool industry distribution network; branch/counter relevance.","Ask for right product/support contact for a free tech reference tool.","Ready to route","Send routing note, not a broad partnership claim."
"2","Distributor/channel","Heritage Pool Supply Group","contact form / corporate contact","Company site","https://www.heritagepoolsupplygroup.com/","Growing distributor with large branch footprint and pro audience.","Free reference app counter staff can share with techs.","Ready to route","Find regional contact or submit routing note."
"2","Community/forum","Trouble Free Pool - current MasterTemp E05 thread","forum reply only if account/community norms permit","Current thread","https://www.troublefreepool.com/threads/pentair-master-temp-400.326350/","Live user pain around heater error codes.","Answer-first helpful reply with no link-first promotion.","Auth/community blocked","Use only from a real account; lead with troubleshooting caveats."
"2","Community/forum","Trouble Free Pool - current Pentair 400 issue thread","forum reply only if account/community norms permit","Current thread","https://www.troublefreepool.com/threads/pentair-400-issue.326344/","Live heater troubleshooting question.","Helpful answer plus optional app reference if allowed.","Auth/community blocked","Do not post promotional copy; answer the issue first."
"2","Community/forum","Reddit r/pools - Pentair MasterTemp E05 thread","Reddit authenticated reply","Current Reddit thread","https://www.reddit.com/r/pools/comments/1nyqhhe/pentair_mastertemp_250_e05_error/","Live code-specific conversation where SplashLens can be useful if framed carefully.","Reply as a field-reference suggestion after useful caveats.","Auth/community blocked","Use authenticated account; disclose relationship."
"2","Facebook group","Swimming Pool Industry Workers","Facebook group join/post approval","Group page","https://www.facebook.com/groups/172176220135240/","Large industry-worker community; possible tech feedback loop.","Ask admins for permission to share a free tool for feedback.","Auth/admin blocked","DM admins first; do not drop link cold."
"2","Facebook group","The Pool Professional Forum","Facebook group join/post approval","Group page","https://www.facebook.com/groups/307670614180132/","Pool professional discussion group.","Feedback request: does this help techs or counters?","Auth/admin blocked","Join/verify rules, ask admin permission."
"2","Facebook group","Swimming Pool Service and Repair Techs","Facebook group join/post approval","Group page","https://www.facebook.com/groups/Pooltechs/","Direct service/repair tech audience.","Tool feedback post, with no claims of diagnosis guarantee.","Auth/admin blocked","Join/verify rules, ask admin permission."
"2","Community directory","Service Industry News social media directory","directory-listed groups","Directory page","https://www.serviceindustrynews.net/2020/09/15/pool-spa-social-media-directory-20200915093533/","Source for additional pool pro groups and communities.","Build a second-wave admin-permission list.","Research queue","Extract group names, then verify live rules and admins."
"2","Creator/tech business","Chlorine King Pool Service","office/contact form; phone listed publicly","Company contact page","https://www.chlorinekingpools.com/contacts/","Service business and creator-adjacent educator fit.","Ask for field feedback on app accuracy and language.","Verify before send","Confirm email/form, then send creator/tech pitch."
"2","Creator/influencer","MJ The Pool Pro","bluestreetpools@gmail.com; Instagram DM","Instagram profile","https://www.instagram.com/poolpr0mj/","Large pool creator audience and service-tech relevance.","Short DM: free tool for tech audience to test, feedback welcomed.","Verify before DM","Use only public business contact; disclose founder relationship."
"2","Trade media/paid","Pool Magazine advertising/sponsored route","sales@poolmagazine.com","Contact page","https://www.poolmagazine.com/contact-us/","Potential paid placement after organic/editorial attempt.","Sponsored tool/demo listing if earned pitch is declined.","Hold until stats","Do not buy placement until app analytics show useful engagement."
"2","Trade media/newsletter","PoolPro newsletter/editorial route","info@kendrickcontent.com","Contact page","https://poolpromag.com/contact/","Strong newsletter fit for service-pro utility.","Ask if a reader resource blurb is appropriate.","Ready to pitch","Send after AQUA/Service Industry News."
"3","Distributor/local","SCP local branches","SCP locator/contact form","SCP contact page","https://www.scppool.com/contact-us","Branch-level counter teams may share useful tools with repeat tech customers.","Local counter test: QR card or one-pager after stats improve.","Hold until one-pager","Prepare one-page flyer and analytics summary first."
"3","Distributor/local","Leslie's regional commercial centers","regional phones/emails from page","Commercial services page","https://lesliespool.com/commercial-services.html","Regional commercial staff talk to operators and techs.","Local pilot: QR card for counter/service desk.","Hold until one-pager","Build printable one-pager and contact one regional lead."
"3","Distributor/local","Heritage Pool Supply regional branches","branch/contact finder","Company site","https://www.heritagepoolsupplygroup.com/","Branch footprint allows localized pilot requests.","Ask for the right regional training/support contact.","Hold until one-pager","Identify 5 high-density pool markets before sending."
"3","Association/local","IPSSA local chapters","chapter routes via IPSSA","IPSSA site","https://ipssa.com/","Chapter-level meetings/newsletters can test real tech usefulness.","Offer a 10-minute demo or newsletter blurb.","Research queue","Find relevant chapter newsletters/admins."
"3","Event/media","PHTA / PSP Expo media or education route","PHTA event/contact route","PHTA site","https://www.phta.org/","Industry event/education channel can surface new tools.","Education/demo booth conversation, not endorsement.","Research queue","Find current PSP/PHTA media contact."
"3","Creator long-tail","Pool Volution","YouTube/social contact to verify","Creator research path","https://www.youtube.com/","Pool maintenance creator lane; likely feedback source.","DM only after public contact verification.","Research queue","Verify active channel/contact and audience fit."
"3","Creator long-tail","Elite Pool Plumbing","YouTube/social contact to verify","Creator research path","https://www.youtube.com/","Equipment/pad repair audience overlap.","Ask for critical feedback, not promotion.","Research queue","Verify current public business contact."
"3","Creator long-tail","Orange County Pool Solutions","YouTube/social/contact to verify","Creator research path","https://www.youtube.com/","Service-tech audience and troubleshooting relevance.","Invite app teardown against real field calls.","Research queue","Verify current public contact and avoid scraped personal info."
"3","Creator long-tail","Pool Specialists / Craig Wooster","Reddit/social/contact to verify","Public Reddit/source path","https://www.reddit.com/","Known pool expert conversation source; possible credibility feedback.","Ask for technical critique only.","Research queue","Verify identity/contact before outreach."
"2","Pool service software","Skimmer","sales@getskimmer.com; support@getskimmer.com","Software site/contact","https://www.getskimmer.com/","Major pool service software used by field techs and office teams; offline mobile workflow overlap.","Integration/partner idea: optional reference link for equipment notes or tech resources.","Verify before send","Send only after one-pager; frame as feedback/integration exploration."
"2","Pool service software","Pool Brain","contact/demo path","Software site","https://www.poolbrain.com/","Built for medium to large pool companies and field tech workflows.","Ask if SplashLens could be a lightweight reference resource for tech teams.","Verify before send","Find current partner/contact path; avoid competitor posture."
"2","Pool service software","Paythepoolman","support@paythepoolman.com","Software site/contact","https://www.paythepoolman.com/","Pool service management software with direct tech/business audience.","Potential resource link for users who report repair/equipment issues.","Ready to route","Send integration/resource pitch to support for routing."
"2","Pool service software","Pool Office Manager","help@poolofficemanager.com; +1 614 710 0074 ext 3","Support/contact page","https://poolofficemanager.com/contact-us","Pool service and repair business software; owner-built for pool companies.","Ask for feedback on equipment-reference workflow for repair teams.","Ready to route","Send owner/operator feedback pitch."
"2","Pool service software","Pool Service Software (PSS)","contact support form","Contact support page","https://www.poolservice.software/contact-support","Pool routing/job/quote app for service pros; repair workflow adjacency.","Resource/integration idea for tech lookup before quote/counter call.","Ready to route","Use contact form; ask for correct partner/product contact."
"2","Training/certification","PHTA / GENESIS Education","PHTA contact/service route","GENESIS education page","https://www.phta.org/genesis/","Industry training and certification body for builders, service techs, operators.","Educational resource review; possible instructor feedback, not endorsement.","Verify before send","Ask for education/contact route; do not imply certification alignment."
"2","Manufacturer education","Pentair Pool University","Pentair Partners / professional support path","Pool University page","https://www.pentair.com/en-us/pool-spa/education-support/professional-support/pentair-pool-university.html","Training platform for pool technicians, installers, and service professionals.","Accuracy feedback for Pentair-related code pages; no partnership claim.","Verify before send","Route through professional support; ask for correction/feedback channel."
"2","Manufacturer education","Hayward University / Training Events","Hayward support/contact path","Hayward University page","https://www.hayward.com/hayward-university","Manufacturer training channel for installing and servicing pool equipment.","Accuracy feedback for Hayward-related equipment lookup and disclaimers.","Verify before send","Use support/contact path; ask for training/technical feedback route."
"2","Buying group","United Aqua Group","hello@unitedaquagroup.com; (702) 815-0400","Contact page","https://unitedaquagroup.com/contact/","Large pool/spa buying group with builders, retailers, equipment and service companies.","Member resource or vendor feedback route for a free tech reference tool.","Ready to route","Send association/buying-group pitch; no vendor partnership claim."
"2","Buying group","Carecraft","contact form / site route","Company site","https://www.carecraft.com/","Buying group with continuing education and peer network for pool companies.","Ask whether member education/resource review is appropriate.","Verify before send","Find current contact form; send once one-pager exists."
"2","Franchise/service network","Pool Scouts","inquiries@poolscouts.com; 844-775-2742","Company site/contact footer","https://poolscouts.com/","National pool cleaning/maintenance franchise network.","Ask for operations/training team feedback on equipment lookup for field teams.","Ready to route","Send franchise-network pitch to route internally."
"2","Franchise/service network","ASP - America's Swimming Pool Company","Authority Brands / ASP franchise contact route","Authority Brands page","https://www.authoritybrands.com/our-brands/asp-americas-swimming-pool-company/","Large national pool service franchise network with repair/remodel services.","Operations/training feedback for field reference tool.","Verify before send","Find current franchise/corporate operations contact."
"2","Franchise/service network","Poolwerx USA","franchise/contact route","Franchise page","https://poolwerxfranchising.com/","Pool/spa franchise with training and support center infrastructure.","Ask for right operations/training contact for free field-reference tool.","Verify before send","Route through contact form; avoid franchise-sales path if possible."
"3","Trade show","Western Pool & Spa Show","show/contact/exhibitor route","Show site","https://www.westernshow.com/","Major pool industry education and exhibit show with service-tech classes.","Future booth/demo/education-room feedback opportunity.","Research queue","Find 2027 exhibitor or education contact; not an immediate cold email."
"3","Trade show","Everything Under the Sun Expo / FSPA","Jessica@FSPA.com; 941-952-9293","Expo page","https://s36.a2zinc.net/clients/fspa/opss2026/public/content.aspx?ID=2941&sortMenu=101000","Florida/Southeast pool industry expo with education and vendor audience.","Future show/newsletter/education mention for free tech reference tool.","Ready to route","Send only after one-pager and screenshots; ask for right expo/media contact."
"3","Trade show","Southwest Pool & Spa Show","800-773-7440; email route","Education/contact page","https://www.swpsshow.com/education/","Regional education show with call-for-presentations route.","Possible micro-session or resource table if app gets traction.","Research queue","Find current call-for-presentations deadline/contact."
"3","Trade show","Pool & Spa Show / NESPA","NESPA/contact route","Education page","https://www.thepoolspashow.com/nespa2026/Public/Content.aspx?ID=5316","Northeast trade show with PHTA service technician training.","Regional education/resource pitch after proof.","Research queue","Find current media/education contact."
"3","Trade show/media calendar","Pool Magazine trade show calendar","editorial/event contact","Trade show roundup","https://www.poolmagazine.com/news/trade-shows/pool-tradeshows-industry-events/","Current trade show calendar for annual outreach timing.","Use to time second-wave outreach around regional shows.","Research queue","Add show deadlines to outreach calendar."
