participant_id,target,email,original_message_id,sent_message_id,status,tracked_url
sl-close-01,Pride Pool Service Inc.,info@pridepoolservice.com,1a02cbb797c7d46e,1a0f323cdf47dabf,sent,https://app.splashlens.com/?challenge=field60&challenge_path=closing&pilot_id=closing-season-10-tech-2026&participant_id=sl-close-01&utm_source=named_pilot&utm_medium=direct&utm_campaign=closing_season_10_tech&utm_content=sl_close_01
sl-close-02,Poolside Pools & Spas,poolside@wi.rr.com,1a02cbbe6b1f7225,1a0f323dfe566d84,sent,https://app.splashlens.com/?challenge=field60&challenge_path=closing&pilot_id=closing-season-10-tech-2026&participant_id=sl-close-02&utm_source=named_pilot&utm_medium=direct&utm_campaign=closing_season_10_tech&utm_content=sl_close_02
sl-close-03,Huntington Woods Pools & Spas,hwpools@yahoo.com,1a02cbc0d9fb28e6,1a0f323eef7d7521,sent,https://app.splashlens.com/?challenge=field60&challenge_path=closing&pilot_id=closing-season-10-tech-2026&participant_id=sl-close-03&utm_source=named_pilot&utm_medium=direct&utm_campaign=closing_season_10_tech&utm_content=sl_close_03
sl-close-04,Goodman's Pool Service,grant@goodmanspoolservice.com,1a0639aacefd2212,1a0f32400375be3d,sent,https://app.splashlens.com/?challenge=field60&challenge_path=closing&pilot_id=closing-season-10-tech-2026&participant_id=sl-close-04&utm_source=named_pilot&utm_medium=direct&utm_campaign=closing_season_10_tech&utm_content=sl_close_04
sl-close-05,Russo's Pool and Spa,info@RussosPoolandSpa.com,1a08bed0613c1b96,1a0f32410331510c,sent,https://app.splashlens.com/?challenge=field60&challenge_path=closing&pilot_id=closing-season-10-tech-2026&participant_id=sl-close-05&utm_source=named_pilot&utm_medium=direct&utm_campaign=closing_season_10_tech&utm_content=sl_close_05
sl-close-06,Above Ground Professionals,info@abovegroundprofessionals.com,1a08bed098dac508,1a0f3242010fbd4a,sent,https://app.splashlens.com/?challenge=field60&challenge_path=closing&pilot_id=closing-season-10-tech-2026&participant_id=sl-close-06&utm_source=named_pilot&utm_medium=direct&utm_campaign=closing_season_10_tech&utm_content=sl_close_06
sl-close-07,Power Pool Service,frank@powerpoolservice.com,1a08bed0bbcc2063,1a0f32435b5dea42,sent,https://app.splashlens.com/?challenge=field60&challenge_path=closing&pilot_id=closing-season-10-tech-2026&participant_id=sl-close-07&utm_source=named_pilot&utm_medium=direct&utm_campaign=closing_season_10_tech&utm_content=sl_close_07
sl-close-08,The Pool People of Ohio,jarrod@thepoolpeopleofohio.com,1a08bedaeda10764,1a0f32442b2b8b8e,sent,https://app.splashlens.com/?challenge=field60&challenge_path=closing&pilot_id=closing-season-10-tech-2026&participant_id=sl-close-08&utm_source=named_pilot&utm_medium=direct&utm_campaign=closing_season_10_tech&utm_content=sl_close_08
sl-close-09,St. John Pool Center,stjohnpoolcenter@gmail.com,1a08bed0eb2420d3,1a0f3245203f2ac5,sent,https://app.splashlens.com/?challenge=field60&challenge_path=closing&pilot_id=closing-season-10-tech-2026&participant_id=sl-close-09&utm_source=named_pilot&utm_medium=direct&utm_campaign=closing_season_10_tech&utm_content=sl_close_09
sl-close-10,Forrester & Sons Pool Service,forresterpoolservice@gmail.com,1a08bedacbf42709,1a0f3246247c4548,sent,https://app.splashlens.com/?challenge=field60&challenge_path=closing&pilot_id=closing-season-10-tech-2026&participant_id=sl-close-10&utm_source=named_pilot&utm_medium=direct&utm_campaign=closing_season_10_tech&utm_content=sl_close_10
