"target","segment","tier","email","source_url","status","template","daily_cap_group","last_sent_at","next_send_after","notes"
"AQUA Magazine","Trade media","1","editors@aquamagazine.com","https://www.aquamagazine.com/page/contact-us","sent","trade_media","splashlens","2026-06-11","2026-06-18","Send editorial/news pitch with 2-line product proof and app link."
"PoolPro Magazine","Trade media","1","info@kendrickcontent.com","https://poolpromag.com/contact/","sent","trade_media","splashlens","2026-06-11","2026-06-18","Send editorial/newsletter pitch; ask if useful for PoolPro readers."
"Service Industry News","Trade media","1","info@serviceindustrynews.net","https://www.serviceindustrynews.net/contact-us/","sent","trade_media","splashlens","2026-06-11","2026-06-18","Send editorial/news pitch; avoid claiming measured tech adoption."
"Pool Magazine","Trade media","1","editor@poolmagazine.com","https://www.poolmagazine.com/contact-us/","sent","trade_media","splashlens","2026-06-11","2026-06-18","Send concise product/news pitch with disclosure language."
"Pool & Spa Marketing","Trade media","1","editor@poolspamarketing.com","https://kenilworth.com/pool-spa-marketing/","needs-verification","trade_media","splashlens","","2026-06-12","Confirm current editor/contact page, then send news pitch."
"Pool Chasers","Podcast/creator","1","poolchasers.greg@gmail.com","https://www.poolchasers.com/contact","sent","creator","splashlens","2026-06-11","2026-06-18","Send podcast pitch with sample segment bullets."
"Talking Pools Podcast / CPO Class","Podcast/creator","1","rudy@cpoclass.com","https://cpoclass.com/swimming-pool-podcast/","needs-verification","creator","splashlens","","2026-06-12","Confirm contact, then send podcast pitch."
"Pool Nation","Podcast/creator","1","support@poolnation.com","https://poolnation.com/","sent","creator","splashlens","2026-06-11","2026-06-18","Send community/newsletter pitch; offer founder demo."
"Pool Guy Podcast / David Van Brunt","Podcast/creator","1","David@swimmingpoollearning.com","https://www.swimmingpoollearning.com/","sent","creator","splashlens","2026-06-11","2026-06-18","Send creator pitch and ask for honest use-case feedback."
"Swim University","Podcast/creator","1","matt@swimuniversity.com","https://www.swimuniversity.com/pool-podcast/","sent","creator","splashlens","2026-06-11","2026-06-18","Send softer consumer/DIY pitch with disclaimer emphasis."
"Swimming Pool Steve","Creator/tech educator","1","SwimmingPoolSteve@gmail.com","https://www.swimmingpoolsteve.com/pages/youtube.html","sent","creator","splashlens","2026-06-11","2026-06-18","Send creator pitch; ask for candid product feedback before any coverage."
"Poolonomics","Pool blogger/content","1","content@poolonomics.com","https://poolonomics.com/contact/","bounced","blogger","splashlens","2026-06-11","2026-06-18","Bounced 2026-06-11: content@poolonomics.com address not found. Suppress until a verified replacement contact is found."
"Orenda Technologies Blog","Pool blogger/content","1","info@orendatech.com","https://blog.orendatech.com/","sent","blogger","splashlens","2026-06-11","2026-06-18","Send narrow educational pitch; avoid chemistry claims."
"In The Swim Blog","Pool blogger/content","2","","https://intheswim.com/blog/","needs-contact","blogger","splashlens","","2026-06-12","Use contact form; avoid affiliate or partnership language."
"River Pools Blog","Pool blogger/content","2","","https://www.riverpoolsandspas.com/blog","needs-verification","blogger","splashlens","","2026-06-12","Find current editorial/content contact before sending."
"IPSSA / IPSSAN","Association/newsletter","1","info@ipssa.com","https://ipssa.com/Web/Web/AboutUs/Staff.aspx","sent","association","splashlens","2026-06-11","2026-06-18","Send association newsletter pitch; mention no account/card."
"Pool & Spa News","Trade media","2","","https://www.poolspanews.com/contact-us/","needs-verification","trade_media","splashlens","","2026-06-12","Use contact form or current editorial address; verify any named editor before sending."
"United Pool Association","Association","2","info@unitedpoolassociation.org","https://unitedpoolassociation.org/contact-us/","queued","association","splashlens","","2026-06-12","Send association pitch; ask if chapter leaders want a demo."
"PHTA","Association","2","service@phta.org","https://www.phta.org/","needs-verification","association","splashlens","","2026-06-12","Confirm current media/contact route and send association pitch."
"Leslie's Pro / Commercial","Distributor/channel","2","commercial@lesl.com","https://lesliespool.com/commercial-services.html","second-wave","integration_resource","splashlens","","2026-06-12","Send distributor/counter pitch; explicitly say no affiliation implied."
"POOLCORP / SCP / Superior / Horizon","Distributor/channel","2","","https://www.poolcorp.com/contact-us/contact-information/","needs-contact","integration_resource","splashlens","","2026-06-12","Send routing note, not a broad partnership claim."
"Heritage Pool Supply Group","Distributor/channel","2","","https://www.heritagepoolsupplygroup.com/","needs-contact","integration_resource","splashlens","","2026-06-12","Find regional contact or submit routing note."
"Trouble Free Pool - current MasterTemp E05 thread","Community/forum","2","","https://www.troublefreepool.com/threads/pentair-master-temp-400.326350/","hold-community","trade_media","splashlens","","2026-06-12","Use only from a real account; lead with troubleshooting caveats."
"Trouble Free Pool - current Pentair 400 issue thread","Community/forum","2","","https://www.troublefreepool.com/threads/pentair-400-issue.326344/","hold-community","trade_media","splashlens","","2026-06-12","Do not post promotional copy; answer the issue first."
"Reddit r/pools - Pentair MasterTemp E05 thread","Community/forum","2","","https://www.reddit.com/r/pools/comments/1nyqhhe/pentair_mastertemp_250_e05_error/","hold-community","trade_media","splashlens","","2026-06-12","Use authenticated account; disclose relationship."
"Swimming Pool Industry Workers","Facebook group","2","","https://www.facebook.com/groups/172176220135240/","hold-community","trade_media","splashlens","","2026-06-12","DM admins first; do not drop link cold."
"The Pool Professional Forum","Facebook group","2","","https://www.facebook.com/groups/307670614180132/","hold-community","trade_media","splashlens","","2026-06-12","Join/verify rules, ask admin permission."
"Swimming Pool Service and Repair Techs","Facebook group","2","","https://www.facebook.com/groups/Pooltechs/","hold-community","trade_media","splashlens","","2026-06-12","Join/verify rules, ask admin permission."
"Service Industry News social media directory","Community directory","2","","https://www.serviceindustrynews.net/2020/09/15/pool-spa-social-media-directory-20200915093533/","needs-verification","trade_media","splashlens","","2026-06-12","Extract group names, then verify live rules and admins."
"Chlorine King Pool Service","Creator/tech business","2","","https://www.chlorinekingpools.com/contacts/","needs-verification","creator","splashlens","","2026-06-12","Confirm email/form, then send creator/tech pitch."
"MJ The Pool Pro","Creator/influencer","2","bluestreetpools@gmail.com","https://www.instagram.com/poolpr0mj/","needs-verification","creator","splashlens","","2026-06-12","Use only public business contact; disclose founder relationship."
"Pool Magazine advertising/sponsored route","Trade media/paid","2","sales@poolmagazine.com","https://www.poolmagazine.com/contact-us/","hold-proof-needed","trade_media","splashlens","","2026-06-12","Do not buy placement until app analytics show useful engagement."
"PoolPro newsletter/editorial route","Trade media/newsletter","2","info@kendrickcontent.com","https://poolpromag.com/contact/","covered-by-sent","trade_media","splashlens","2026-06-11","2026-06-18","Covered by PoolPro Magazine first-wave email to info@kendrickcontent.com on 2026-06-11."
"SCP local branches","Distributor/local","3","","https://www.scppool.com/contact-us","hold-proof-needed","integration_resource","splashlens","","2026-06-12","Prepare one-page flyer and analytics summary first."
"Leslie's regional commercial centers","Distributor/local","3","","https://lesliespool.com/commercial-services.html","hold-proof-needed","integration_resource","splashlens","","2026-06-12","Build printable one-pager and contact one regional lead."
"Heritage Pool Supply regional branches","Distributor/local","3","","https://www.heritagepoolsupplygroup.com/","hold-proof-needed","integration_resource","splashlens","","2026-06-12","Identify 5 high-density pool markets before sending."
"IPSSA local chapters","Association/local","3","","https://ipssa.com/","needs-verification","association","splashlens","","2026-06-12","Find relevant chapter newsletters/admins."
"PHTA / PSP Expo media or education route","Event/media","3","","https://www.phta.org/","needs-verification","trade_media","splashlens","","2026-06-12","Find current PSP/PHTA media contact."
"Pool Volution","Creator long-tail","3","","https://www.youtube.com/","needs-verification","creator","splashlens","","2026-06-12","Verify active channel/contact and audience fit."
"Elite Pool Plumbing","Creator long-tail","3","","https://www.youtube.com/","needs-verification","creator","splashlens","","2026-06-12","Verify current public business contact."
"Orange County Pool Solutions","Creator long-tail","3","","https://www.youtube.com/","needs-verification","creator","splashlens","","2026-06-12","Verify current public contact and avoid scraped personal info."
"Pool Specialists / Craig Wooster","Creator long-tail","3","","https://www.reddit.com/","needs-verification","creator","splashlens","","2026-06-12","Verify identity/contact before outreach."
"Skimmer","Pool service software","2","sales@getskimmer.com","https://www.getskimmer.com/","needs-verification","integration_resource","splashlens","","2026-06-12","Send only after one-pager; frame as feedback/integration exploration."
"Pool Brain","Pool service software","2","","https://www.poolbrain.com/","needs-verification","integration_resource","splashlens","","2026-06-12","Find current partner/contact path; avoid competitor posture."
"Paythepoolman","Pool service software","2","support@paythepoolman.com","https://www.paythepoolman.com/","second-wave","integration_resource","splashlens","","2026-06-12","Send integration/resource pitch to support for routing."
"Pool Office Manager","Pool service software","2","help@poolofficemanager.com","https://poolofficemanager.com/contact-us","second-wave","integration_resource","splashlens","","2026-06-12","Send owner/operator feedback pitch."
"Pool Service Software (PSS)","Pool service software","2","","https://www.poolservice.software/contact-support","needs-contact","integration_resource","splashlens","","2026-06-12","Use contact form; ask for correct partner/product contact."
"PHTA / GENESIS Education","Training/certification","2","","https://www.phta.org/genesis/","needs-verification","integration_resource","splashlens","","2026-06-12","Ask for education/contact route; do not imply certification alignment."
"Pentair Pool University","Manufacturer education","2","","https://www.pentair.com/en-us/pool-spa/education-support/professional-support/pentair-pool-university.html","needs-verification","integration_resource","splashlens","","2026-06-12","Route through professional support; ask for correction/feedback channel."
"Hayward University / Training Events","Manufacturer education","2","","https://www.hayward.com/hayward-university","needs-verification","integration_resource","splashlens","","2026-06-12","Use support/contact path; ask for training/technical feedback route."
"United Aqua Group","Buying group","2","hello@unitedaquagroup.com","https://unitedaquagroup.com/contact/","second-wave","integration_resource","splashlens","","2026-06-12","Send association/buying-group pitch; no vendor partnership claim."
"Carecraft","Buying group","2","","https://www.carecraft.com/","needs-verification","integration_resource","splashlens","","2026-06-12","Find current contact form; send once one-pager exists."
"Pool Scouts","Franchise/service network","2","inquiries@poolscouts.com","https://poolscouts.com/","second-wave","integration_resource","splashlens","","2026-06-12","Send franchise-network pitch to route internally."
"ASP - America's Swimming Pool Company","Franchise/service network","2","","https://www.authoritybrands.com/our-brands/asp-americas-swimming-pool-company/","needs-verification","integration_resource","splashlens","","2026-06-12","Find current franchise/corporate operations contact."
"Poolwerx USA","Franchise/service network","2","","https://poolwerxfranchising.com/","needs-verification","integration_resource","splashlens","","2026-06-12","Route through contact form; avoid franchise-sales path if possible."
"Western Pool & Spa Show","Trade show","3","","https://www.westernshow.com/","needs-verification","trade_media","splashlens","","2026-06-12","Find 2027 exhibitor or education contact; not an immediate cold email."
"Everything Under the Sun Expo / FSPA","Trade show","3","Jessica@FSPA.com","https://s36.a2zinc.net/clients/fspa/opss2026/public/content.aspx?ID=2941&sortMenu=101000","second-wave","integration_resource","splashlens","","2026-06-12","Send only after one-pager and screenshots; ask for right expo/media contact."
"Southwest Pool & Spa Show","Trade show","3","","https://www.swpsshow.com/education/","needs-verification","trade_media","splashlens","","2026-06-12","Find current call-for-presentations deadline/contact."
"Pool & Spa Show / NESPA","Trade show","3","","https://www.thepoolspashow.com/nespa2026/Public/Content.aspx?ID=5316","needs-verification","trade_media","splashlens","","2026-06-12","Find current media/education contact."
"Pool Magazine trade show calendar","Trade show/media calendar","3","","https://www.poolmagazine.com/news/trade-shows/pool-tradeshows-industry-events/","needs-verification","trade_media","splashlens","","2026-06-12","Add show deadlines to outreach calendar."
